ticker,date,open,high,low,close
ATCX,2019-01-23,9.65,9.65,9.65,9.65
ATCX,2019-02-01,10.426,10.426,10.426,10.426
ATCX,2019-02-05,9.55,9.55,9.55,9.55
ATCX,2019-02-06,9.55,9.55,9.55,9.55
ATCX,2019-02-07,9.55,9.55,9.55,9.55
ATCX,2019-02-08,9.59,9.59,9.59,9.59
ATCX,2019-02-11,9.62,9.63,9.62,9.63
ATCX,2019-02-12,9.65,9.66,9.65,9.66
ATCX,2019-02-13,9.66,9.66,9.66,9.66
ATCX,2019-02-14,9.75,9.85,9.75,9.75
ATCX,2019-02-15,9.73,9.73,9.72,9.73
ATCX,2019-02-19,9.75,9.75,9.72,9.72
ATCX,2019-02-20,9.72,9.72,9.72,9.72
ATCX,2019-02-21,9.73,9.73,9.73,9.73
ATCX,2019-02-22,9.73,9.73,9.73,9.73
ATCX,2019-02-25,9.73,9.73,9.73,9.73
ATCX,2019-02-26,9.73,9.73,9.73,9.73
ATCX,2019-02-27,9.73,9.73,9.73,9.73
ATCX,2019-02-28,9.6,9.81,9.6,9.81
ATCX,2019-03-01,9.81,9.81,9.81,9.81
ATCX,2019-03-04,9.81,9.81,9.81,9.81
ATCX,2019-03-05,9.81,9.81,9.81,9.81
ATCX,2019-03-06,9.81,9.81,9.81,9.81
ATCX,2019-03-07,9.81,9.81,9.81,9.81
ATCX,2019-03-08,9.81,9.81,9.81,9.81
ATCX,2019-03-11,9.61,9.81,9.61,9.81
ATCX,2019-03-12,9.7,9.7,9.7,9.7
ATCX,2019-03-13,9.7,9.7,9.7,9.7
ATCX,2019-03-14,9.7,9.7,9.7,9.7
ATCX,2019-03-15,9.61,9.71,9.61,9.7
ATCX,2019-03-18,9.7,9.7,9.7,9.7
ATCX,2019-03-19,9.7,9.7,9.7,9.7
ATCX,2019-03-20,9.71,9.71,9.71,9.71
ATCX,2019-03-21,9.71,9.71,9.71,9.71
ATCX,2019-03-22,9.71,9.71,9.71,9.71
ATCX,2019-03-25,9.71,9.71,9.71,9.71
ATCX,2019-03-26,9.72,9.72,9.72,9.72
ATCX,2019-03-27,9.72,9.72,9.72,9.72
ATCX,2019-03-28,9.8,9.8,9.77,9.77
ATCX,2019-03-29,9.75,9.77,9.72,9.72
ATCX,2019-04-01,9.72,9.72,9.72,9.72
ATCX,2019-04-02,9.77,9.77,9.73,9.73
ATCX,2019-04-03,9.73,9.73,9.73,9.73
ATCX,2019-04-04,9.75,9.75,9.75,9.75
ATCX,2019-04-05,9.73,9.8,9.73,9.74
ATCX,2019-04-08,9.74,9.74,9.74,9.74
ATCX,2019-04-09,9.74,9.74,9.74,9.74
ATCX,2019-04-10,9.73,9.73,9.73,9.73
ATCX,2019-04-11,9.73,9.73,9.73,9.73
ATCX,2019-04-12,9.73,9.73,9.73,9.73
ATCX,2019-04-15,9.8,9.8,9.8,9.8
ATCX,2019-04-16,9.8,9.8,9.8,9.8
ATCX,2019-04-17,9.8,9.8,9.8,9.8
ATCX,2019-04-18,9.8,9.8,9.8,9.8
ATCX,2019-04-22,9.8,9.8,9.8,9.8
ATCX,2019-04-23,9.76,9.76,9.76,9.76
ATCX,2019-04-24,9.76,9.76,9.76,9.76
ATCX,2019-04-25,9.78,9.78,9.76,9.76
ATCX,2019-04-26,9.76,9.76,9.76,9.76
ATCX,2019-04-29,9.76,9.76,9.76,9.76
ATCX,2019-04-30,9.74,9.77,9.74,9.76
ATCX,2019-05-01,9.75,9.76,9.75,9.75
ATCX,2019-05-02,9.75,9.75,9.75,9.75
ATCX,2019-05-03,9.8,9.8,9.8,9.8
ATCX,2019-05-06,9.76,9.76,9.76,9.76
ATCX,2019-05-07,9.76,9.77,9.76,9.77
ATCX,2019-05-08,9.77,9.77,9.74,9.77
ATCX,2019-05-09,9.77,9.77,9.77,9.77
ATCX,2019-05-10,9.78,9.78,9.75,9.76
ATCX,2019-05-13,9.75,9.75,9.75,9.75
ATCX,2019-05-14,9.76,9.76,9.75,9.75
ATCX,2019-05-15,9.77,9.78,9.77,9.78
ATCX,2019-05-16,9.78,9.78,9.78,9.78
ATCX,2019-05-17,9.76,9.76,9.76,9.76
ATCX,2019-05-20,9.71,9.77,9.71,9.77
ATCX,2019-05-21,9.77,9.77,9.77,9.77
ATCX,2019-05-22,9.77,9.77,9.77,9.77
ATCX,2019-05-23,9.77,9.77,9.77,9.77
ATCX,2019-05-24,9.77,9.77,9.77,9.77
ATCX,2019-05-28,9.81,9.81,9.78,9.78
ATCX,2019-05-29,9.78,9.78,9.78,9.78
ATCX,2019-05-30,9.78,9.78,9.78,9.78
ATCX,2019-05-31,9.78,9.78,9.78,9.78
ATCX,2019-06-03,9.76,9.76,9.76,9.76
ATCX,2019-06-04,9.78,9.78,9.78,9.78
ATCX,2019-06-05,9.79,9.8,9.77,9.8
ATCX,2019-06-06,9.79,9.81,9.79,9.81
ATCX,2019-06-07,9.81,9.82,9.81,9.82
ATCX,2019-06-10,9.82,9.82,9.82,9.82
ATCX,2019-06-11,9.82,9.82,9.82,9.82
ATCX,2019-06-12,9.82,9.82,9.82,9.82
ATCX,2019-06-13,9.85,9.9,9.85,9.88
ATCX,2019-06-14,9.85,9.85,9.84,9.85
ATCX,2019-06-17,9.85,9.85,9.85,9.85
ATCX,2019-06-18,9.85,9.85,9.82,9.84
ATCX,2019-06-19,9.84,9.84,9.84,9.84
ATCX,2019-06-20,9.84,9.84,9.82,9.84
ATCX,2019-06-21,9.84,9.84,9.84,9.84
ATCX,2019-06-24,9.84,9.84,9.84,9.84
ATCX,2019-06-25,9.8,9.8,9.8,9.8
ATCX,2019-06-26,9.84,9.84,9.83,9.83
ATCX,2019-06-27,9.85,9.85,9.85,9.85
ATCX,2019-06-28,9.85,9.85,9.85,9.85
ATCX,2019-07-01,9.85,9.85,9.85,9.85
ATCX,2019-07-02,9.82,9.82,9.82,9.82
ATCX,2019-07-03,9.82,9.82,9.82,9.82
ATCX,2019-07-05,9.82,9.82,9.82,9.82
ATCX,2019-07-08,9.85,9.85,9.82,9.84
ATCX,2019-07-09,9.84,9.84,9.84,9.84
ATCX,2019-07-10,9.83,9.83,9.82,9.82
ATCX,2019-07-11,9.82,9.82,9.82,9.82
ATCX,2019-07-12,9.82,9.83,9.82,9.83
ATCX,2019-07-15,10.32,10.32,9.82,9.82
ATCX,2019-07-16,9.82,9.82,9.82,9.82
ATCX,2019-07-17,9.82,9.82,9.82,9.82
ATCX,2019-07-18,9.82,9.83,9.82,9.83
ATCX,2019-07-19,9.83,9.83,9.83,9.83
ATCX,2019-07-22,9.97,9.97,9.84,9.84
ATCX,2019-07-23,9.84,9.84,9.84,9.84
ATCX,2019-07-24,9.9,9.9,9.83,9.83
ATCX,2019-07-25,9.83,9.83,9.83,9.83
ATCX,2019-07-26,10.15,10.15,10.0,10.0
ATCX,2019-07-29,9.9,9.9,9.9,9.9
ATCX,2019-07-30,9.92,9.92,9.82,9.82
ATCX,2019-07-31,9.82,9.92,9.82,9.82
ATCX,2019-08-01,9.78,9.78,9.78,9.78
ATCX,2019-08-02,9.9,9.9,9.78,9.81
ATCX,2019-08-05,9.88,9.88,9.88,9.88
ATCX,2019-08-06,9.88,9.88,9.88,9.88
ATCX,2019-08-07,9.88,9.88,9.88,9.88
ATCX,2019-08-08,9.89,9.89,9.89,9.89
ATCX,2019-08-09,9.89,9.89,9.89,9.89
ATCX,2019-08-12,9.89,9.89,9.89,9.89
ATCX,2019-08-13,10.05,10.05,10.02,10.04
ATCX,2019-08-14,10.03,10.06,10.03,10.05
ATCX,2019-08-15,10.05,10.05,10.04,10.04
ATCX,2019-08-16,10.05,10.05,10.04,10.05
ATCX,2019-08-19,10.05,10.05,10.04,10.04
ATCX,2019-08-20,10.04,10.05,10.04,10.05
ATCX,2019-08-21,10.05,10.05,10.05,10.05
ATCX,2019-08-22,10.05,10.05,10.05,10.05
ATCX,2019-08-23,10.04,10.06,10.03,10.04
ATCX,2019-08-26,10.05,10.05,10.05,10.05
ATCX,2019-08-27,10.05,10.05,10.05,10.05
ATCX,2019-08-28,10.06,10.06,10.06,10.06
ATCX,2019-08-29,10.05,10.05,10.05,10.05
ATCX,2019-08-30,10.05,10.05,10.05,10.05
ATCX,2019-09-03,10.04,10.07,10.04,10.07
ATCX,2019-09-04,10.06,10.07,10.05,10.05
ATCX,2019-09-05,10.07,10.08,10.07,10.08
ATCX,2019-09-06,10.08,10.08,10.07,10.07
ATCX,2019-09-09,10.07,10.07,10.05,10.05
ATCX,2019-09-10,10.05,10.05,10.04,10.04
ATCX,2019-09-11,10.04,10.04,10.04,10.04
ATCX,2019-09-12,10.06,10.08,10.06,10.08
ATCX,2019-09-13,10.06,10.06,10.04,10.04
ATCX,2019-09-16,10.04,10.04,10.02,10.02
ATCX,2019-09-17,10.05,10.05,10.04,10.04
ATCX,2019-09-18,10.04,10.04,10.04,10.04
ATCX,2019-09-19,10.05,10.05,10.05,10.05
ATCX,2019-09-20,10.05,10.05,10.05,10.05
ATCX,2019-09-23,10.03,10.03,10.03,10.03
ATCX,2019-09-24,10.04,10.07,10.03,10.06
ATCX,2019-09-25,10.06,10.07,10.05,10.06
ATCX,2019-09-26,10.07,10.07,10.06,10.06
ATCX,2019-09-27,10.04,10.07,10.04,10.07
ATCX,2019-09-30,10.08,10.08,10.05,10.07
ATCX,2019-10-01,10.08,10.08,10.06,10.07
ATCX,2019-10-02,10.05,10.07,10.05,10.07
ATCX,2019-10-03,10.07,10.08,10.06,10.07
ATCX,2019-10-04,10.08,10.08,10.06,10.08
ATCX,2019-10-07,10.08,10.09,10.07,10.08
ATCX,2019-10-08,10.08,10.09,10.07,10.07
ATCX,2019-10-09,10.07,10.07,10.06,10.07
ATCX,2019-10-10,10.08,10.08,10.07,10.07
ATCX,2019-10-11,10.07,10.09,10.06,10.09
ATCX,2019-10-14,10.09,10.09,10.09,10.09
ATCX,2019-10-15,10.07,10.09,10.07,10.08
ATCX,2019-10-16,10.08,10.09,10.08,10.09
ATCX,2019-10-17,10.09,10.09,10.07,10.07
ATCX,2019-10-18,10.07,10.08,10.07,10.08
ATCX,2019-10-21,10.1,10.1,10.06,10.06
ATCX,2019-10-22,10.04,10.08,10.04,10.07
ATCX,2019-10-23,10.09,10.09,10.07,10.07
ATCX,2019-10-24,10.07,10.07,10.06,10.06
ATCX,2019-10-25,10.08,10.09,10.07,10.09
ATCX,2019-10-28,10.1,10.1,10.06,10.07
ATCX,2019-10-29,10.09,10.11,10.08,10.08
ATCX,2019-10-30,10.09,10.11,10.09,10.09
ATCX,2019-10-31,10.12,10.12,10.1,10.1
ATCX,2019-11-01,10.09,10.09,10.07,10.08
ATCX,2019-11-04,10.11,10.11,10.08,10.1
ATCX,2019-11-05,10.09,10.09,10.09,10.09
ATCX,2019-11-06,10.11,10.11,10.09,10.1
ATCX,2019-11-07,10.1,10.1,10.1,10.1
ATCX,2019-11-08,10.11,10.11,10.08,10.1
ATCX,2019-11-11,10.1,10.1,10.08,10.1
ATCX,2019-11-12,10.12,10.13,10.11,10.11
ATCX,2019-11-13,10.12,10.12,10.09,10.1
ATCX,2019-11-14,10.1,10.12,10.04,10.11
ATCX,2019-11-15,10.12,10.12,10.08,10.12
ATCX,2019-11-18,10.13,10.13,10.08,10.1
ATCX,2019-11-19,10.11,10.11,10.09,10.1
ATCX,2019-11-20,10.1,10.11,10.1,10.1
ATCX,2019-11-21,10.13,10.13,10.11,10.11
ATCX,2019-11-22,10.13,10.13,10.11,10.11
ATCX,2019-11-25,10.12,10.12,10.1,10.11
ATCX,2019-11-26,10.1,10.14,10.08,10.08
ATCX,2019-11-27,10.07,10.15,10.06,10.08
ATCX,2019-11-29,10.15,10.15,10.07,10.07
ATCX,2019-12-02,10.09,10.13,10.05,10.08
ATCX,2019-12-03,10.11,10.11,10.1,10.1
ATCX,2019-12-04,10.13,10.13,10.08,10.08
ATCX,2019-12-05,10.06,10.07,10.06,10.07
ATCX,2019-12-06,10.14,10.14,10.08,10.12
ATCX,2019-12-09,10.06,10.06,8.42,8.6
ATCX,2019-12-10,10.11,10.11,10.05,10.08
ATCX,2019-12-11,10.05,10.07,10.02,10.04
ATCX,2019-12-12,10.08,10.12,10.08,10.09
ATCX,2019-12-13,10.12,10.12,10.07,10.08
ATCX,2019-12-16,10.12,10.12,10.08,10.12
ATCX,2019-12-17,10.06,10.11,10.06,10.07
ATCX,2019-12-18,10.11,10.11,10.07,10.09
ATCX,2019-12-19,10.05,10.09,10.05,10.09
ATCX,2019-12-20,10.13,10.15,10.1,10.14
ATCX,2019-12-23,10.14,10.15,10.12,10.15
ATCX,2019-12-24,10.12,10.13,10.12,10.13
ATCX,2019-12-26,10.14,10.15,10.13,10.13
ATCX,2019-12-27,10.2,10.2,10.2,10.2
ATCX,2019-12-30,10.12,10.17,10.12,10.16
ATCX,2019-12-31,10.16,10.17,10.16,10.16
ATCX,2020-01-02,10.2,10.2,10.1,10.18
ATCX,2020-01-03,10.19,10.19,10.11,10.12
ATCX,2020-01-06,10.2,10.2,10.14,10.16
ATCX,2020-01-07,10.12,10.19,10.1,10.1
ATCX,2020-01-08,10.14,10.16,10.13,10.15
ATCX,2020-01-09,10.17,10.19,10.15,10.18
ATCX,2020-01-10,10.18,10.19,10.15,10.15
ATCX,2020-01-13,10.16,10.19,10.15,10.18
ATCX,2020-01-14,10.18,10.18,10.15,10.15
ATCX,2020-01-15,10.18,10.19,10.15,10.15
ATCX,2020-01-16,10.16,10.17,10.16,10.17
ATCX,2020-01-17,10.15,10.19,10.15,10.18
ATCX,2020-01-21,10.18,10.18,10.15,10.15
ATCX,2020-01-22,10.16,10.16,10.12,10.16
ATCX,2020-01-23,10.2,10.21,10.19,10.19
ATCX,2020-01-24,10.22,10.22,10.19,10.19
ATCX,2020-01-27,10.2,10.2,10.18,10.2
ATCX,2020-01-28,10.2,10.23,10.18,10.23
ATCX,2020-01-29,10.19,10.21,10.19,10.2
ATCX,2020-01-30,10.18,10.22,10.15,10.15
ATCX,2020-01-31,10.22,10.22,10.19,10.2
ATCX,2020-02-03,10.2,10.22,10.16,10.2
ATCX,2020-02-04,10.22,10.22,10.19,10.22
ATCX,2020-02-05,10.24,10.24,8.44,9.3
ATCX,2020-02-06,9.36,10.01,9.36,9.89
ATCX,2020-02-07,9.92,10.06,9.63,10.06
ATCX,2020-02-10,10.15,10.3,9.8,10.1
ATCX,2020-02-11,10.22,11.38,9.79,10.75
ATCX,2020-02-12,10.98,10.98,10.11,10.42
ATCX,2020-02-13,10.65,10.92,10.17,10.33
ATCX,2020-02-14,10.46,10.55,9.9,10.08
ATCX,2020-02-18,10.48,14.15,10.48,13.0
ATCX,2020-02-19,13.0,13.0,11.07,11.95
ATCX,2020-02-20,11.41,11.41,9.1,9.62
ATCX,2020-02-21,9.62,10.26,9.26,9.72
ATCX,2020-02-24,9.26,10.29,9.26,9.66
ATCX,2020-02-25,9.32,9.74,9.32,9.5
ATCX,2020-02-26,9.3,10.07,9.3,9.65
ATCX,2020-02-27,9.37,9.96,9.28,9.96
ATCX,2020-02-28,9.45,10.44,9.45,9.9
ATCX,2020-03-02,9.75,9.83,8.78,9.34
ATCX,2020-03-03,9.34,10.03,9.26,10.03
ATCX,2020-03-04,9.66,9.66,9.12,9.35
ATCX,2020-03-05,9.0,9.2,8.8,9.09
ATCX,2020-03-06,8.48,9.14,8.45,9.0
ATCX,2020-03-09,8.49,8.49,8.0,8.0
ATCX,2020-03-10,8.39,9.0,8.21,8.44
ATCX,2020-03-11,8.43,8.43,8.2,8.35
ATCX,2020-03-12,8.25,8.25,5.27,5.28
ATCX,2020-03-13,6.0,6.0,5.6,5.61
ATCX,2020-03-16,5.51,5.55,5.0,5.3
ATCX,2020-03-17,5.44,5.44,5.06,5.27
ATCX,2020-03-18,5.5,5.81,5.0,5.81
ATCX,2020-03-19,5.38,6.33,5.38,6.14
ATCX,2020-03-20,6.03,6.35,5.01,5.01
ATCX,2020-03-23,5.54,5.95,5.4,5.4
ATCX,2020-03-24,5.45,6.15,5.44,6.15
ATCX,2020-03-25,6.26,7.79,6.2,7.08
ATCX,2020-03-26,7.99,9.48,7.5,8.8
ATCX,2020-03-27,9.4,9.4,8.1,9.2
ATCX,2020-03-30,8.28,8.94,6.87,8.14
ATCX,2020-03-31,8.1,8.6,8.1,8.59
ATCX,2020-04-01,8.04,8.39,6.86,7.05
ATCX,2020-04-02,7.08,8.47,7.08,7.12
ATCX,2020-04-03,8.02,8.82,8.02,8.2
ATCX,2020-04-06,9.04,9.52,7.92,9.14
ATCX,2020-04-07,9.59,9.59,8.51,9.14
ATCX,2020-04-08,9.15,9.15,8.3,8.8
ATCX,2020-04-09,9.13,9.13,8.26,9.0
ATCX,2020-04-13,8.57,8.7,8.32,8.7
ATCX,2020-04-14,8.43,8.69,8.0,8.69
ATCX,2020-04-15,8.35,8.7,8.0,8.7
ATCX,2020-04-16,9.0,9.0,8.15,8.99
ATCX,2020-04-17,8.22,8.8,8.15,8.7
ATCX,2020-04-20,8.22,9.0,8.19,8.52
ATCX,2020-04-21,8.57,9.5,8.41,8.85
ATCX,2020-04-22,8.86,9.5,8.6,9.5
ATCX,2020-04-23,9.05,9.3,8.69,8.69
ATCX,2020-04-24,8.53,9.48,8.46,9.48
ATCX,2020-04-27,9.48,9.5,8.8,9.25
ATCX,2020-04-28,9.32,9.35,9.0,9.25
ATCX,2020-04-29,9.13,9.25,9.05,9.06
ATCX,2020-04-30,9.06,9.1,8.81,9.1
ATCX,2020-05-01,8.9,9.09,8.81,9.09
ATCX,2020-05-04,9.25,9.25,9.09,9.09
ATCX,2020-05-05,8.95,9.25,8.9,9.09
ATCX,2020-05-06,9.0,10.1,9.0,10.1
ATCX,2020-05-07,9.85,11.07,8.87,10.5
ATCX,2020-05-08,10.5,10.71,10.01,10.68
ATCX,2020-05-11,10.68,10.68,9.0,9.31
ATCX,2020-05-12,9.84,9.9,9.15,9.15
ATCX,2020-05-13,9.43,10.5,9.15,9.38
ATCX,2020-05-14,9.0,9.19,8.7,8.82
ATCX,2020-05-15,8.22,9.04,8.22,8.95
ATCX,2020-05-18,8.74,9.18,8.74,9.03
ATCX,2020-05-19,8.8,9.75,8.8,9.75
ATCX,2020-05-20,9.75,10.2,9.27,10.2
ATCX,2020-05-21,9.79,10.19,9.3,9.97
ATCX,2020-05-22,9.44,10.25,9.44,10.01
ATCX,2020-05-26,10.25,11.1,10.25,10.56
ATCX,2020-05-27,10.56,10.68,10.43,10.43
ATCX,2020-05-28,10.57,10.61,10.25,10.4
ATCX,2020-05-29,10.55,10.55,10.25,10.5
ATCX,2020-06-01,10.25,10.5,10.15,10.5
ATCX,2020-06-02,10.21,10.5,10.11,10.5
ATCX,2020-06-03,10.24,10.49,10.11,10.25
ATCX,2020-06-04,10.45,10.45,9.9,10.01
ATCX,2020-06-05,10.21,10.21,9.99,10.2
ATCX,2020-06-08,10.36,10.49,10.03,10.24
ATCX,2020-06-09,10.38,10.49,10.0,10.29
ATCX,2020-06-10,10.32,10.4,10.06,10.25
ATCX,2020-06-11,10.11,10.11,9.55,9.55
ATCX,2020-06-12,10.0,10.37,9.7,9.96
ATCX,2020-06-15,9.6,9.79,7.78,8.41
ATCX,2020-06-16,8.27,8.42,8.15,8.31
ATCX,2020-06-17,8.36,8.36,7.78,8.0
ATCX,2020-06-18,8.23,8.73,7.91,8.21
ATCX,2020-06-19,8.29,8.52,8.24,8.44
ATCX,2020-06-22,8.32,8.32,7.22,7.94
ATCX,2020-06-23,8.23,8.4,8.05,8.05
ATCX,2020-06-24,8.05,8.1,7.49,7.83
ATCX,2020-06-25,7.68,7.9,7.68,7.9
ATCX,2020-06-26,8.01,8.04,6.88,6.88
ATCX,2020-06-29,6.79,7.36,6.2,6.26
ATCX,2020-06-30,6.65,7.12,6.36,6.54
ATCX,2020-07-01,6.55,6.55,6.46,6.47
ATCX,2020-07-02,6.44,6.9,6.44,6.9
ATCX,2020-07-06,7.2,8.2,7.2,7.77
ATCX,2020-07-07,7.3,7.79,7.04,7.24
ATCX,2020-07-08,7.45,7.49,7.32,7.39
ATCX,2020-07-09,7.18,7.48,7.08,7.08
ATCX,2020-07-10,6.9,7.96,6.9,7.64
ATCX,2020-07-13,7.77,8.1,7.53,7.9
ATCX,2020-07-14,7.73,7.9,7.11,7.59
ATCX,2020-07-15,7.91,8.12,7.91,8.12
ATCX,2020-07-16,7.71,8.12,7.64,7.69
ATCX,2020-07-17,7.43,8.24,7.43,8.0
ATCX,2020-07-20,7.75,8.4,7.75,8.4
ATCX,2020-07-21,8.27,9.19,8.1,8.26
ATCX,2020-07-22,8.78,8.78,7.9,8.06
ATCX,2020-07-23,8.34,8.72,8.0,8.38
ATCX,2020-07-24,8.02,8.02,8.02,8.02
ATCX,2020-07-27,8.23,8.44,8.23,8.44
ATCX,2020-07-28,7.52,8.28,7.52,8.01
ATCX,2020-07-29,8.18,8.35,8.18,8.35
ATCX,2020-07-30,8.43,8.5,8.38,8.45
ATCX,2020-07-31,8.52,8.53,8.5,8.5
ATCX,2020-08-03,8.55,8.6,8.51,8.55
ATCX,2020-08-04,8.7,9.06,8.45,8.65
ATCX,2020-08-05,8.85,8.85,8.65,8.65
ATCX,2020-08-06,8.89,8.89,8.89,8.89
ATCX,2020-08-07,8.92,9.29,8.9,9.05
ATCX,2020-08-10,9.3,9.5,9.1,9.2
ATCX,2020-08-11,9.78,9.78,8.95,8.95
ATCX,2020-08-12,8.3,8.78,8.01,8.5
ATCX,2020-08-13,8.21,8.27,7.66,7.67
ATCX,2020-08-14,7.82,8.53,7.82,8.36
ATCX,2020-08-17,8.44,8.75,7.16,8.67
ATCX,2020-08-18,8.94,9.05,8.94,9.0
ATCX,2020-08-19,9.0,9.15,8.4,8.5
ATCX,2020-08-20,8.34,9.12,8.34,8.58
ATCX,2020-08-21,8.58,8.95,8.0,8.03
ATCX,2020-08-24,8.54,8.94,8.1,8.52
ATCX,2020-08-25,8.48,8.48,8.08,8.15
ATCX,2020-08-26,8.01,8.27,7.66,8.16
ATCX,2020-08-27,7.6,7.95,7.2,7.66
ATCX,2020-08-28,8.23,8.35,7.95,8.2
ATCX,2020-08-31,8.5,8.63,8.14,8.23
ATCX,2020-09-01,8.09,8.61,8.09,8.5
ATCX,2020-09-02,8.74,8.74,8.05,8.4
ATCX,2020-09-03,8.24,8.26,7.95,8.26
ATCX,2020-09-04,7.8,8.76,7.8,8.5
ATCX,2020-09-08,8.79,8.88,8.55,8.72
ATCX,2020-09-09,9.05,9.05,9.05,9.05
ATCX,2020-09-10,8.97,8.97,8.35,8.85
ATCX,2020-09-11,8.29,9.04,8.29,8.3
ATCX,2020-09-14,8.79,8.79,8.12,8.22
ATCX,2020-09-15,8.25,8.68,8.05,8.68
ATCX,2020-09-16,8.1,8.77,8.1,8.74
ATCX,2020-09-17,8.14,9.07,8.14,9.07
ATCX,2020-09-18,8.88,9.15,8.84,9.15
ATCX,2020-09-21,8.61,8.93,8.38,8.93
ATCX,2020-09-22,8.69,8.91,8.5,8.91
ATCX,2020-09-23,8.96,8.96,8.85,8.85
ATCX,2020-09-24,8.99,8.99,7.96,8.75
ATCX,2020-09-25,8.47,8.74,8.4,8.67
ATCX,2020-09-28,8.53,9.0,8.48,9.0
ATCX,2020-09-29,9.0,9.0,9.0,9.0
ATCX,2020-09-30,9.0,9.0,8.7,8.82
ATCX,2020-10-01,8.88,8.96,8.7,8.7
ATCX,2020-10-02,8.45,8.7,8.45,8.61
ATCX,2020-10-05,8.34,9.05,8.34,9.05
ATCX,2020-10-06,9.05,9.05,9.05,9.05
ATCX,2020-10-07,8.68,9.01,8.64,8.98
ATCX,2020-10-08,8.98,8.98,8.98,8.98
ATCX,2020-10-09,8.86,9.2,8.65,9.16
ATCX,2020-10-12,8.87,9.11,8.87,8.9
ATCX,2020-10-13,9.0,9.0,9.0,9.0
ATCX,2020-10-14,8.81,8.85,8.63,8.85
ATCX,2020-10-15,8.85,8.85,8.85,8.85
ATCX,2020-10-16,8.79,9.15,8.64,9.15
ATCX,2020-10-19,9.0,9.0,8.97,8.97
ATCX,2020-10-20,8.0,8.0,7.26,7.31
ATCX,2020-10-21,7.32,7.41,7.32,7.32
ATCX,2020-10-22,7.03,7.03,6.61,6.72
ATCX,2020-10-23,6.8,6.9,6.65,6.9
ATCX,2020-10-26,6.77,6.81,6.61,6.71
ATCX,2020-10-27,6.9,6.9,6.37,6.65
ATCX,2020-10-28,6.45,6.45,6.25,6.25
ATCX,2020-10-29,6.44,6.64,6.31,6.51
ATCX,2020-10-30,6.74,7.0,6.53,6.85
ATCX,2020-11-02,6.7,6.85,6.61,6.85
ATCX,2020-11-03,6.6,6.85,6.6,6.75
ATCX,2020-11-04,6.76,7.01,6.75,6.9
ATCX,2020-11-05,6.76,7.03,6.76,7.03
ATCX,2020-11-06,6.83,7.03,6.77,6.78
ATCX,2020-11-09,6.97,6.99,6.76,6.92
ATCX,2020-11-10,6.84,7.1,6.76,7.05
ATCX,2020-11-11,6.82,7.25,6.82,7.11
ATCX,2020-11-12,6.9,7.07,6.86,7.0
ATCX,2020-11-13,6.95,6.96,6.86,6.86
ATCX,2020-11-16,6.92,6.93,6.72,6.72
ATCX,2020-11-17,6.5,6.75,6.04,6.4
ATCX,2020-11-18,6.3,6.53,6.2,6.2
ATCX,2020-11-19,6.14,6.14,5.74,5.85
ATCX,2020-11-20,5.85,5.85,5.15,5.23
ATCX,2020-11-23,5.24,5.25,5.08,5.09
ATCX,2020-11-24,5.21,5.21,4.99,5.09
ATCX,2020-11-25,5.1,5.45,5.08,5.21
ATCX,2020-11-27,5.3,5.44,4.95,5.19
ATCX,2020-11-30,5.25,5.25,4.96,5.15
ATCX,2020-12-01,5.2,5.65,5.2,5.55
ATCX,2020-12-02,5.63,6.23,5.57,5.96
ATCX,2020-12-03,5.99,6.4,5.95,6.29
ATCX,2020-12-04,6.85,7.23,6.85,7.07
ATCX,2020-12-07,7.16,7.3,6.9,7.07
ATCX,2020-12-08,7.37,7.55,7.17,7.49
ATCX,2020-12-09,7.59,7.67,7.36,7.67
ATCX,2020-12-10,7.58,7.67,7.4,7.65
ATCX,2020-12-11,7.61,7.61,6.81,7.26
ATCX,2020-12-14,7.31,7.31,7.15,7.19
ATCX,2020-12-15,7.19,7.29,7.09,7.17
ATCX,2020-12-16,7.24,7.27,7.03,7.13
ATCX,2020-12-17,7.27,7.44,7.11,7.33
ATCX,2020-12-18,7.33,7.39,6.76,6.8
ATCX,2020-12-21,7.1,7.43,6.81,7.25
ATCX,2020-12-22,7.19,7.34,7.0,7.07
ATCX,2020-12-23,7.08,7.39,7.08,7.3
ATCX,2020-12-24,7.32,7.36,7.13,7.36
ATCX,2020-12-28,7.35,7.39,7.07,7.25
ATCX,2020-12-29,7.15,7.26,7.11,7.13
ATCX,2020-12-30,7.25,7.33,7.0,7.13
ATCX,2020-12-31,7.12,7.23,7.03,7.03
ATCX,2021-01-04,7.05,7.5,7.05,7.49
ATCX,2021-01-05,7.45,7.59,7.31,7.31
ATCX,2021-01-06,7.46,8.0,7.46,7.91
ATCX,2021-01-07,8.0,8.6,7.62,8.57
ATCX,2021-01-08,8.75,9.27,8.72,8.95
ATCX,2021-01-11,8.6,8.85,8.24,8.6
ATCX,2021-01-12,8.72,9.24,8.46,8.72
ATCX,2021-01-13,8.83,9.0,8.06,8.98
ATCX,2021-01-14,8.95,10.25,8.75,10.1
ATCX,2021-01-15,10.04,10.45,9.8,10.08
ATCX,2021-01-19,10.07,10.15,9.6,9.9
ATCX,2021-01-20,9.91,10.35,9.73,10.31
ATCX,2021-01-21,10.31,10.39,9.87,9.94
ATCX,2021-01-22,9.85,9.93,9.68,9.81
ATCX,2021-01-25,9.78,10.01,9.68,9.95
ATCX,2021-01-26,9.75,9.83,9.6,9.6
ATCX,2021-01-27,9.53,10.0,9.33,9.87
ATCX,2021-01-28,9.87,9.9,9.52,9.68
ATCX,2021-01-29,9.68,9.69,9.53,9.66
ATCX,2021-02-01,9.62,9.98,9.06,9.82
ATCX,2021-02-02,9.66,9.71,9.3,9.41
ATCX,2021-02-03,9.41,9.72,9.38,9.6
ATCX,2021-02-04,9.59,9.6,9.19,9.41
ATCX,2021-02-05,9.53,9.53,9.25,9.29
ATCX,2021-02-08,9.33,9.6,8.7,8.77
ATCX,2021-02-09,8.8,8.95,8.75,8.85
ATCX,2021-02-10,8.85,8.86,8.54,8.57
ATCX,2021-02-11,8.66,8.76,8.59,8.68
ATCX,2021-02-12,8.73,8.94,8.6,8.85
ATCX,2021-02-16,8.9,9.05,8.8,8.85
ATCX,2021-02-17,8.79,9.07,8.79,9.02
ATCX,2021-02-18,9.04,9.58,8.94,9.5
ATCX,2021-02-19,9.51,9.55,9.37,9.41
ATCX,2021-02-22,9.32,9.49,9.11,9.32
ATCX,2021-02-23,9.23,9.23,8.28,9.19
ATCX,2021-02-24,9.22,9.26,8.88,9.11
ATCX,2021-02-25,9.12,9.34,8.87,9.19
ATCX,2021-02-26,9.49,9.7,8.92,9.7
ATCX,2021-03-01,9.7,9.8,9.31,9.8
ATCX,2021-03-02,9.8,9.8,8.95,9.25
ATCX,2021-03-03,9.46,9.47,8.93,9.0
ATCX,2021-03-04,9.11,9.11,8.16,8.27
ATCX,2021-03-05,8.27,8.84,7.8,8.66
ATCX,2021-03-08,8.7,9.56,8.6,9.08
ATCX,2021-03-09,9.07,9.89,9.01,9.63
ATCX,2021-03-10,9.51,9.9,9.21,9.48
ATCX,2021-03-11,9.69,9.95,9.45,9.55
ATCX,2021-03-12,9.56,9.85,9.45,9.67
ATCX,2021-03-15,9.72,9.99,9.7,9.94
ATCX,2021-03-16,9.91,10.5,9.77,10.49
ATCX,2021-03-17,10.37,11.09,10.36,11.05
ATCX,2021-03-18,11.0,11.29,10.55,10.67
ATCX,2021-03-19,10.66,11.1,10.1,10.64
ATCX,2021-03-22,10.61,10.85,10.38,10.74
ATCX,2021-03-23,10.63,10.85,10.04,10.6
ATCX,2021-03-24,10.82,10.82,10.0,10.08
ATCX,2021-03-25,10.0,10.05,9.3,9.39
ATCX,2021-03-26,9.35,9.65,9.32,9.65
ATCX,2021-03-29,9.59,9.94,9.32,9.59
ATCX,2021-03-30,9.55,9.96,9.48,9.89
ATCX,2021-03-31,10.0,10.41,10.0,10.21
ATCX,2021-04-01,10.38,10.41,9.98,10.04
ATCX,2021-04-05,10.18,10.25,9.91,10.06
ATCX,2021-04-06,10.06,10.27,10.06,10.22
ATCX,2021-04-07,10.13,10.5,10.13,10.49
ATCX,2021-04-08,10.36,10.5,10.22,10.45
ATCX,2021-04-09,10.45,10.45,10.19,10.26
ATCX,2021-04-12,10.21,10.43,10.11,10.3
ATCX,2021-04-13,10.32,10.42,10.21,10.35
ATCX,2021-04-14,10.32,10.4,10.13,10.22
ATCX,2021-04-15,10.3,10.35,10.21,10.3
ATCX,2021-04-16,10.35,10.35,10.16,10.2
ATCX,2021-04-19,10.11,10.11,9.55,9.7
ATCX,2021-04-20,9.77,9.95,8.87,8.98
ATCX,2021-04-21,8.9,9.12,8.79,9.0
ATCX,2021-04-22,9.06,10.2,9.06,10.2
ATCX,2021-04-23,10.2,10.33,10.01,10.33
ATCX,2021-04-26,10.3,10.77,10.12,10.61
ATCX,2021-04-27,10.5,10.76,10.46,10.69
ATCX,2021-04-28,10.6,11.12,10.36,10.89
ATCX,2021-04-29,10.77,11.53,10.75,11.2
ATCX,2021-04-30,11.25,12.09,10.9,11.52
ATCX,2021-05-03,11.43,12.51,11.41,11.9
ATCX,2021-05-04,11.85,11.88,11.05,11.6
ATCX,2021-05-05,11.72,11.79,11.17,11.45
ATCX,2021-05-06,11.53,11.88,11.13,11.42
ATCX,2021-05-07,11.53,11.73,11.22,11.73
ATCX,2021-05-10,11.62,11.67,11.37,11.5
ATCX,2021-05-11,11.38,11.59,11.0,11.36
ATCX,2021-05-12,11.28,11.54,11.08,11.24
ATCX,2021-05-13,11.17,11.46,11.11,11.29
ATCX,2021-05-14,11.24,11.3,11.11,11.3
ATCX,2021-05-17,11.1,11.4,11.01,11.16
ATCX,2021-05-18,11.5,11.7,10.95,11.25
ATCX,2021-05-19,11.16,11.3,10.51,11.15
ATCX,2021-05-20,11.14,11.5,11.08,11.3
ATCX,2021-05-21,11.37,11.45,10.8,10.85
ATCX,2021-05-24,10.95,11.1,10.77,11.1
ATCX,2021-05-25,11.16,11.49,11.09,11.45
ATCX,2021-05-26,11.49,11.49,10.95,10.99
ATCX,2021-05-27,10.96,11.19,10.96,11.05
ATCX,2021-05-28,11.05,11.2,11.0,11.06
ATCX,2021-06-01,11.01,11.47,11.0,11.26
ATCX,2021-06-02,11.13,11.13,10.34,10.41
ATCX,2021-06-03,10.39,10.69,10.25,10.5
ATCX,2021-06-04,10.53,10.61,10.4,10.55
ATCX,2021-06-07,10.73,10.78,10.44,10.45
ATCX,2021-06-08,10.4,10.64,10.34,10.47
ATCX,2021-06-09,10.5,10.59,10.43,10.5
ATCX,2021-06-10,10.57,10.64,10.29,10.45
ATCX,2021-06-11,10.42,10.61,9.95,10.03
ATCX,2021-06-14,10.06,10.3,10.06,10.14
ATCX,2021-06-15,10.21,10.35,10.04,10.11
ATCX,2021-06-16,10.03,10.3,10.03,10.19
ATCX,2021-06-17,10.22,10.47,10.08,10.32
ATCX,2021-06-18,10.24,10.32,9.38,9.7
ATCX,2021-06-21,9.65,10.05,9.65,9.97
ATCX,2021-06-22,10.05,10.05,9.6,10.0
ATCX,2021-06-23,10.0,10.0,9.66,9.79
ATCX,2021-06-24,9.85,10.01,9.7,9.99
ATCX,2021-06-25,9.92,10.17,9.39,9.54
ATCX,2021-06-28,9.61,9.9,9.48,9.63
ATCX,2021-06-29,9.7,9.96,9.55,9.61
ATCX,2021-06-30,9.56,9.85,9.46,9.68
ATCX,2021-07-01,9.77,9.93,9.62,9.88
ATCX,2021-07-02,9.9,10.02,9.78,9.95
ATCX,2021-07-06,9.91,9.97,8.91,9.2
ATCX,2021-07-07,9.3,9.58,9.05,9.19
ATCX,2021-07-08,9.16,9.23,8.78,8.95
ATCX,2021-07-09,9.0,9.59,9.0,9.35
ATCX,2021-07-12,9.41,9.62,9.33,9.51
ATCX,2021-07-13,9.46,9.54,9.3,9.4
ATCX,2021-07-14,9.37,9.41,8.92,9.02
ATCX,2021-07-15,9.12,9.4,8.96,9.27
ATCX,2021-07-16,9.24,9.39,8.9,9.06
ATCX,2021-07-19,9.02,9.1,8.46,8.87
ATCX,2021-07-20,8.89,9.65,8.85,9.47
ATCX,2021-07-21,9.5,9.99,9.5,9.65
ATCX,2021-07-22,9.58,9.79,9.37,9.63
ATCX,2021-07-23,9.68,9.7,9.19,9.26
ATCX,2021-07-26,9.25,9.57,9.22,9.5
ATCX,2021-07-27,9.39,9.39,8.84,8.99
ATCX,2021-07-28,9.08,9.42,8.86,9.34
ATCX,2021-07-29,9.38,9.52,9.11,9.27
ATCX,2021-07-30,9.28,9.35,8.8,8.99
ATCX,2021-08-02,11.6,12.08,10.75,11.5
ATCX,2021-08-03,11.23,13.16,11.02,12.06
ATCX,2021-08-04,12.08,13.31,12.05,12.98
ATCX,2021-08-05,13.69,15.11,13.01,13.78
ATCX,2021-08-06,13.72,13.88,12.87,13.0
ATCX,2021-08-09,13.11,14.59,13.11,13.94
ATCX,2021-08-10,14.37,15.4,14.37,14.96
ATCX,2021-08-11,15.36,15.36,14.06,14.48
ATCX,2021-08-12,14.79,14.88,11.38,11.61
ATCX,2021-08-13,11.5,12.97,11.33,12.61
ATCX,2021-08-16,12.42,12.42,11.34,11.7
ATCX,2021-08-17,12.45,12.45,10.75,10.75
ATCX,2021-08-18,10.77,10.8,10.35,10.5
ATCX,2021-08-19,10.44,10.44,10.02,10.21
ATCX,2021-08-20,10.16,10.32,10.06,10.19
ATCX,2021-08-23,10.08,10.32,9.7,10.14
ATCX,2021-08-24,10.2,10.78,10.19,10.42
ATCX,2021-08-25,11.0,11.0,10.0,10.11
ATCX,2021-08-26,10.05,10.17,9.75,9.9
ATCX,2021-08-27,10.28,10.3,9.85,10.12
ATCX,2021-08-30,10.1,10.11,9.5,9.94
ATCX,2021-08-31,10.0,10.3,9.94,10.12
ATCX,2021-09-01,10.15,10.91,10.06,10.65
ATCX,2021-09-02,10.65,11.28,10.48,11.1
ATCX,2021-09-03,11.2,11.25,10.67,10.74
ATCX,2021-09-07,10.69,10.95,10.55,10.67
ATCX,2021-09-08,10.65,10.69,9.92,10.07
ATCX,2021-09-09,10.13,10.21,9.88,10.12
ATCX,2021-09-10,10.09,10.3,9.92,9.94
ATCX,2021-09-13,9.94,10.0,9.6,9.63
ATCX,2021-09-14,9.63,9.63,9.21,9.23
ATCX,2021-09-15,9.16,9.5,9.01,9.5
ATCX,2021-09-16,9.88,10.1,9.69,9.91
ATCX,2021-09-17,10.0,10.27,9.74,9.98
ATCX,2021-09-20,9.65,9.81,9.17,9.22
ATCX,2021-09-21,9.4,9.76,9.08,9.25
ATCX,2021-09-22,9.31,9.74,9.2,9.55
ATCX,2021-09-23,9.5,10.1,9.44,10.1
ATCX,2021-09-24,10.0,10.17,9.98,10.16
ATCX,2021-09-27,10.09,10.5,10.08,10.4
ATCX,2021-09-28,10.3,10.36,10.09,10.2
ATCX,2021-09-29,10.2,10.39,10.09,10.13
ATCX,2021-09-30,10.2,10.26,9.96,10.17
ATCX,2021-10-01,10.2,10.31,10.1,10.24
ATCX,2021-10-04,10.17,10.19,9.82,9.91
ATCX,2021-10-05,9.91,10.07,9.75,9.76
ATCX,2021-10-06,9.66,9.87,9.51,9.78
ATCX,2021-10-07,9.92,10.05,9.85,9.88
ATCX,2021-10-08,9.82,10.0,9.75,9.95
ATCX,2021-10-11,9.95,10.0,9.64,9.66
ATCX,2021-10-12,9.68,9.84,9.59,9.79
ATCX,2021-10-13,9.85,10.0,9.74,9.92
ATCX,2021-10-14,10.0,10.0,9.74,9.95
ATCX,2021-10-15,10.0,10.06,9.74,9.74
ATCX,2021-10-18,9.66,9.75,9.47,9.54
ATCX,2021-10-19,9.61,9.98,9.55,9.83
ATCX,2021-10-20,9.74,10.0,9.71,9.93
ATCX,2021-10-21,9.95,10.14,9.94,10.05
ATCX,2021-10-22,9.99,10.19,9.88,9.99
ATCX,2021-10-25,9.89,10.52,9.85,10.45
ATCX,2021-10-26,10.44,10.47,10.08,10.14
ATCX,2021-10-27,10.06,10.07,9.71,9.8
ATCX,2021-10-28,9.79,10.35,9.75,10.31
ATCX,2021-10-29,10.02,10.47,10.02,10.19
ATCX,2021-11-01,10.17,10.85,10.17,10.57
ATCX,2021-11-02,10.58,10.84,10.29,10.72
ATCX,2021-11-03,10.69,10.97,10.61,10.87
ATCX,2021-11-04,10.95,11.11,10.78,10.95
ATCX,2021-11-05,11.03,11.4,10.85,11.32
ATCX,2021-11-08,11.73,12.09,11.73,11.97
ATCX,2021-11-09,12.06,12.16,11.88,12.01
ATCX,2021-11-10,11.9,12.15,11.21,11.43
ATCX,2021-11-11,11.46,11.7,11.05,11.13
ATCX,2021-11-12,11.23,11.85,11.14,11.78
ATCX,2021-11-15,11.84,12.0,11.27,11.34
ATCX,2021-11-16,11.25,11.25,10.21,10.41
ATCX,2021-11-17,10.13,10.48,10.11,10.2
ATCX,2021-11-18,10.11,10.41,9.89,10.2
ATCX,2021-11-19,10.18,10.18,9.97,10.08
ATCX,2021-11-22,10.11,10.2,9.58,9.67
ATCX,2021-11-23,9.85,10.18,9.8,10.03
ATCX,2021-11-24,9.94,10.16,9.91,9.99
ATCX,2021-11-26,9.85,9.97,9.4,9.85
ATCX,2021-11-29,9.9,10.0,9.43,9.48
ATCX,2021-11-30,9.4,9.53,9.0,9.17
ATCX,2021-12-01,9.4,9.62,8.55,8.6
ATCX,2021-12-02,8.7,8.82,8.41,8.77
ATCX,2021-12-03,8.75,8.91,8.35,8.52
ATCX,2021-12-06,8.56,8.56,8.33,8.41
ATCX,2021-12-07,8.58,9.28,8.57,8.92
ATCX,2021-12-08,8.88,8.97,8.5,8.71
ATCX,2021-12-09,8.61,8.61,8.36,8.37
ATCX,2021-12-10,8.43,8.54,8.01,8.18
ATCX,2021-12-13,8.03,8.18,7.74,7.91
ATCX,2021-12-14,7.73,7.96,7.61,7.85
ATCX,2021-12-15,7.96,8.2,7.61,8.11
ATCX,2021-12-16,8.41,8.76,8.17,8.39
ATCX,2021-12-17,8.31,8.63,8.0,8.11
ATCX,2021-12-20,7.86,7.88,7.5,7.85
ATCX,2021-12-21,8.04,8.37,7.98,8.19
ATCX,2021-12-22,8.19,8.19,7.93,8.06
ATCX,2021-12-23,8.1,8.14,7.86,7.96
ATCX,2021-12-27,7.94,8.41,7.79,8.18
ATCX,2021-12-28,8.18,8.26,7.88,8.01
ATCX,2021-12-29,7.98,8.33,7.78,8.28
ATCX,2021-12-30,8.27,8.63,8.24,8.41
ATCX,2021-12-31,8.36,8.62,8.29,8.42
ATCX,2022-01-03,8.41,9.12,8.39,8.93
ATCX,2022-01-04,8.74,9.05,8.67,8.73
ATCX,2022-01-05,8.7,8.98,8.21,8.33
ATCX,2022-01-06,8.32,8.39,8.06,8.14
ATCX,2022-01-07,8.08,8.31,7.87,7.96
ATCX,2022-01-10,7.92,7.94,7.56,7.87
ATCX,2022-01-11,7.88,7.9,7.57,7.78
ATCX,2022-01-12,7.78,8.11,7.61,8.0
ATCX,2022-01-13,8.02,8.4,7.88,8.07
ATCX,2022-01-14,8.1,8.53,7.95,8.5
ATCX,2022-01-18,8.49,8.49,8.15,8.17
ATCX,2022-01-19,8.16,8.54,8.05,8.15
ATCX,2022-01-20,8.15,8.5,7.75,7.84
ATCX,2022-01-21,7.85,7.98,7.73,7.9
ATCX,2022-01-24,7.77,9.71,7.63,9.49
ATCX,2022-01-25,9.22,10.31,9.16,10.04
ATCX,2022-01-26,10.12,10.37,9.68,9.97
ATCX,2022-01-27,9.99,10.5,9.79,10.1
ATCX,2022-01-28,10.01,10.59,9.86,10.47
ATCX,2022-01-31,10.48,11.38,9.32,9.71
ATCX,2022-02-01,9.71,10.19,9.68,10.06
ATCX,2022-02-02,10.02,10.18,9.9,10.13
ATCX,2022-02-03,10.08,10.08,9.64,9.86
ATCX,2022-02-04,9.75,9.88,9.64,9.85
ATCX,2022-02-07,9.84,10.03,9.64,9.87
ATCX,2022-02-08,9.88,10.04,9.71,10.0
ATCX,2022-02-09,10.06,10.16,9.87,10.07
ATCX,2022-02-10,9.89,10.38,9.87,10.05
ATCX,2022-02-11,9.96,10.2,9.78,9.99
ATCX,2022-02-14,10.08,10.17,9.83,10.0
ATCX,2022-02-15,10.09,10.31,10.03,10.16
ATCX,2022-02-16,10.18,10.78,10.12,10.77
ATCX,2022-02-17,10.69,11.26,10.69,11.03
ATCX,2022-02-18,10.97,11.26,10.55,11.14
ATCX,2022-02-22,11.13,11.13,10.33,10.89
ATCX,2022-02-23,10.96,11.35,10.96,11.11
ATCX,2022-02-24,10.84,11.2,10.68,11.17
ATCX,2022-02-25,11.2,11.38,10.95,11.36
ATCX,2022-02-28,11.31,11.59,11.2,11.48
ATCX,2022-03-01,11.56,11.66,11.08,11.21
ATCX,2022-03-02,11.28,11.49,11.09,11.42
ATCX,2022-03-03,11.46,11.49,11.08,11.17
ATCX,2022-03-04,11.17,11.17,10.65,10.99
ATCX,2022-03-07,11.05,11.11,10.54,10.84
ATCX,2022-03-08,10.75,11.2,10.56,10.9
ATCX,2022-03-09,11.12,11.6,10.96,11.23
ATCX,2022-03-10,11.1,11.38,11.05,11.29
ATCX,2022-03-11,11.3,11.43,11.19,11.32
ATCX,2022-03-14,11.36,11.75,11.26,11.42
ATCX,2022-03-15,11.43,11.95,11.31,11.7
ATCX,2022-03-16,11.9,12.59,11.03,11.45
ATCX,2022-03-17,11.52,12.16,11.52,12.08
ATCX,2022-03-18,11.99,12.24,11.79,12.21
ATCX,2022-03-21,12.36,12.73,12.08,12.32
ATCX,2022-03-22,12.61,12.98,12.46,12.95
ATCX,2022-03-23,13.0,13.57,12.71,12.96
ATCX,2022-03-24,13.03,13.28,12.84,12.95
ATCX,2022-03-25,12.99,12.99,12.52,12.74
ATCX,2022-03-28,12.66,12.88,12.39,12.66
ATCX,2022-03-29,12.67,12.89,12.49,12.58
ATCX,2022-03-30,12.64,12.75,12.4,12.58
ATCX,2022-03-31,12.49,12.49,11.92,12.04
ATCX,2022-04-01,12.23,12.82,12.2,12.79
ATCX,2022-04-04,13.04,13.08,12.5,12.85
ATCX,2022-04-05,12.83,12.97,12.4,12.51
ATCX,2022-04-06,12.44,12.44,12.06,12.13
ATCX,2022-04-07,12.11,12.14,11.67,11.92
ATCX,2022-04-08,12.07,12.07,11.6,11.68
ATCX,2022-04-11,11.49,11.69,11.34,11.57
ATCX,2022-04-12,11.8,12.29,11.8,12.0
ATCX,2022-04-13,12.18,12.28,11.97,12.2
ATCX,2022-04-14,12.12,12.77,12.12,12.46
ATCX,2022-04-18,12.41,12.96,12.31,12.54
ATCX,2022-04-19,12.57,13.11,12.51,12.86
ATCX,2022-04-20,12.9,13.09,12.73,12.94
ATCX,2022-04-21,13.09,13.09,12.43,12.47
ATCX,2022-04-22,12.34,12.6,12.19,12.36
ATCX,2022-04-25,12.38,12.38,12.05,12.3
ATCX,2022-04-26,12.24,12.24,11.78,11.81
ATCX,2022-04-27,11.89,12.52,11.85,12.38
ATCX,2022-04-28,12.42,13.0,12.22,12.57
ATCX,2022-04-29,12.59,12.72,12.04,12.1
ATCX,2022-05-02,12.2,12.31,11.71,11.99
ATCX,2022-05-03,11.93,12.25,11.93,12.19
ATCX,2022-05-04,12.21,12.34,11.87,12.32
ATCX,2022-05-05,12.33,12.43,11.94,12.35
ATCX,2022-05-06,12.35,12.47,11.97,12.03
ATCX,2022-05-09,11.89,11.89,10.44,10.81
ATCX,2022-05-10,11.13,11.13,10.13,10.19
ATCX,2022-05-11,9.39,10.0,8.86,9.0
ATCX,2022-05-12,9.0,9.15,8.42,8.7
ATCX,2022-05-13,8.71,9.02,8.58,8.65
ATCX,2022-05-16,8.56,8.69,8.2,8.25
ATCX,2022-05-17,8.47,8.73,8.17,8.66
ATCX,2022-05-18,8.54,8.78,8.22,8.23
ATCX,2022-05-19,8.19,8.74,8.08,8.43
ATCX,2022-05-20,8.54,8.54,8.05,8.34
ATCX,2022-05-23,8.35,8.56,8.08,8.14
ATCX,2022-05-24,8.14,8.43,7.86,8.25
ATCX,2022-05-25,8.19,8.48,8.19,8.4
ATCX,2022-05-26,8.49,8.74,8.4,8.49
ATCX,2022-05-27,8.46,9.0,8.46,8.96
ATCX,2022-05-31,8.86,8.86,8.13,8.18
ATCX,2022-06-01,8.17,8.57,7.88,7.98
ATCX,2022-06-02,8.0,8.09,7.9,7.99
ATCX,2022-06-03,7.91,7.91,7.75,7.86
ATCX,2022-06-06,7.93,8.17,7.77,7.87
ATCX,2022-06-07,7.81,8.08,7.67,8.03
ATCX,2022-06-08,8.03,8.09,7.77,7.83
ATCX,2022-06-09,7.77,8.34,7.7,7.81
ATCX,2022-06-10,7.83,7.83,7.5,7.59
ATCX,2022-06-13,7.48,7.52,7.09,7.11
ATCX,2022-06-14,7.17,7.17,6.95,7.04
ATCX,2022-06-15,7.0,7.13,6.84,7.02
ATCX,2022-06-16,6.85,6.85,6.05,6.16
ATCX,2022-06-17,6.24,6.54,5.81,6.43
ATCX,2022-06-21,6.45,6.59,5.71,5.75
ATCX,2022-06-22,5.71,5.84,5.5,5.54
ATCX,2022-06-23,5.52,5.68,5.32,5.39
ATCX,2022-06-24,5.39,5.54,5.16,5.18
ATCX,2022-06-27,5.26,5.52,5.19,5.38
ATCX,2022-06-28,5.46,5.56,5.1,5.14
ATCX,2022-06-29,5.14,5.29,5.05,5.14
ATCX,2022-06-30,5.08,5.36,4.91,5.26
ATCX,2022-07-01,5.22,5.29,4.91,5.08
ATCX,2022-07-05,5.08,5.08,4.71,5.05
ATCX,2022-07-06,5.0,5.09,4.82,4.88
ATCX,2022-07-07,4.88,5.29,4.86,5.28
ATCX,2022-07-08,5.3,5.52,5.26,5.3
ATCX,2022-07-11,5.3,5.38,4.93,5.08
ATCX,2022-07-12,5.03,5.14,4.9,4.91
ATCX,2022-07-13,4.9,5.44,4.86,5.3
ATCX,2022-07-14,5.21,5.39,5.12,5.3
ATCX,2022-07-15,5.41,5.44,5.2,5.31
ATCX,2022-07-18,5.36,5.49,5.31,5.45
ATCX,2022-07-19,5.49,5.89,5.49,5.86
ATCX,2022-07-20,5.92,6.21,5.75,5.8
ATCX,2022-07-21,5.76,5.97,5.64,5.96
ATCX,2022-07-22,5.98,6.18,5.95,6.0
ATCX,2022-07-25,6.05,6.39,5.95,6.36
ATCX,2022-07-26,6.41,6.47,6.14,6.18
ATCX,2022-07-27,6.18,6.36,6.09,6.11
ATCX,2022-07-28,6.18,6.46,6.15,6.44
ATCX,2022-07-29,6.44,7.23,6.43,7.02
ATCX,2022-08-01,7.02,7.43,6.91,7.34
ATCX,2022-08-02,7.22,7.43,7.07,7.19
ATCX,2022-08-03,7.22,7.28,6.91,6.95
ATCX,2022-08-04,6.98,7.29,6.92,7.27
ATCX,2022-08-05,7.27,7.55,7.18,7.49
ATCX,2022-08-08,7.59,7.8,7.2,7.28
ATCX,2022-08-09,7.18,7.3,7.06,7.2
ATCX,2022-08-10,7.0,7.78,7.0,7.71
ATCX,2022-08-11,7.76,8.19,7.76,7.98
ATCX,2022-08-12,7.94,8.25,7.91,8.16
ATCX,2022-08-15,8.02,8.36,7.95,8.32
ATCX,2022-08-16,8.4,9.07,8.28,8.63
ATCX,2022-08-17,8.61,8.8,8.33,8.6
ATCX,2022-08-18,8.6,8.79,8.43,8.7
ATCX,2022-08-19,8.57,8.68,8.01,8.32
ATCX,2022-08-22,8.19,8.64,8.15,8.52
ATCX,2022-08-23,8.54,8.73,8.49,8.67
ATCX,2022-08-24,8.73,8.98,8.67,8.67
ATCX,2022-08-25,8.77,8.95,8.77,8.95
ATCX,2022-08-26,8.93,8.96,8.6,8.88
ATCX,2022-08-29,8.84,8.84,8.53,8.55
ATCX,2022-08-30,8.49,8.49,8.17,8.36
ATCX,2022-08-31,8.31,8.63,8.24,8.52
ATCX,2022-09-01,8.25,8.3,7.79,7.95
ATCX,2022-09-02,7.96,8.15,7.67,7.82
ATCX,2022-09-06,7.94,8.38,7.81,8.0
ATCX,2022-09-07,8.08,8.08,7.64,7.94
ATCX,2022-09-08,7.89,8.02,7.81,8.01
ATCX,2022-09-09,8.12,8.45,7.83,8.38
ATCX,2022-09-12,8.3,8.48,8.13,8.19
ATCX,2022-09-13,7.98,8.01,7.47,7.54
ATCX,2022-09-14,7.45,7.86,7.3,7.67
ATCX,2022-09-15,7.73,7.77,7.48,7.61
ATCX,2022-09-16,7.49,8.0,6.77,7.04
ATCX,2022-09-19,6.96,7.95,6.89,7.77
ATCX,2022-09-20,7.66,8.17,7.57,7.94
ATCX,2022-09-21,8.1,8.26,8.06,8.11
ATCX,2022-09-22,8.02,8.02,7.59,7.63
ATCX,2022-09-23,7.51,7.51,7.15,7.28
ATCX,2022-09-26,7.14,7.49,7.03,7.16
ATCX,2022-09-27,7.23,7.37,7.0,7.03
ATCX,2022-09-28,7.0,7.29,6.98,7.24
ATCX,2022-09-29,7.15,7.22,6.42,6.66
ATCX,2022-09-30,6.57,7.11,6.51,6.65
ATCX,2022-10-03,6.71,7.13,6.67,6.99
ATCX,2022-10-04,7.05,7.15,6.95,7.1
ATCX,2022-10-05,6.9,7.26,6.8,7.17
ATCX,2022-10-06,7.2,7.24,6.93,6.98
ATCX,2022-10-07,6.84,7.05,6.61,6.87
ATCX,2022-10-10,6.94,6.94,6.76,6.83
ATCX,2022-10-11,6.64,6.66,6.51,6.57
ATCX,2022-10-12,6.61,6.78,6.5,6.7
ATCX,2022-10-13,6.56,7.21,6.53,7.03
ATCX,2022-10-14,7.07,7.07,6.72,6.76
ATCX,2022-10-17,6.85,6.9,6.8,6.89
ATCX,2022-10-18,7.0,7.34,6.89,7.05
ATCX,2022-10-19,7.05,7.28,6.95,7.22
ATCX,2022-10-20,7.16,7.22,6.9,6.98
ATCX,2022-10-21,7.05,7.61,6.86,7.56
ATCX,2022-10-24,7.66,7.66,7.26,7.42
ATCX,2022-10-25,7.4,7.42,7.12,7.22
ATCX,2022-10-26,7.33,7.51,7.23,7.34
ATCX,2022-10-27,7.43,7.48,7.08,7.29
ATCX,2022-10-28,7.4,7.81,7.18,7.73
ATCX,2022-10-31,7.62,7.76,7.4,7.58
ATCX,2022-11-01,7.63,7.64,7.2,7.47
ATCX,2022-11-02,7.51,7.9,7.26,7.35
ATCX,2022-11-03,7.25,7.52,7.15,7.43
ATCX,2022-11-04,7.56,7.56,7.0,7.29
ATCX,2022-11-07,7.24,7.24,7.0,7.1
ATCX,2022-11-08,7.19,7.19,6.75,6.84
ATCX,2022-11-09,6.76,6.97,6.12,6.17
ATCX,2022-11-10,6.19,6.78,5.89,6.75
ATCX,2022-11-11,6.96,7.02,6.74,6.87
ATCX,2022-11-14,6.8,6.91,6.41,6.52
ATCX,2022-11-15,6.66,6.76,6.13,6.36
ATCX,2022-11-16,6.29,6.45,6.12,6.17
ATCX,2022-11-17,6.16,6.18,5.93,6.05
ATCX,2022-11-18,6.23,6.23,5.66,5.8
ATCX,2022-11-21,5.79,5.79,5.64,5.7
ATCX,2022-11-22,5.78,5.78,5.41,5.67
ATCX,2022-11-23,5.63,5.74,5.53,5.6
ATCX,2022-11-25,5.59,5.67,5.46,5.49
ATCX,2022-11-28,5.46,5.63,5.08,5.15
ATCX,2022-11-29,5.26,5.38,4.75,4.79
ATCX,2022-11-30,4.85,5.45,4.85,5.41
ATCX,2022-12-01,5.51,5.79,5.26,5.5
ATCX,2022-12-02,5.39,5.7,5.32,5.53
ATCX,2022-12-05,5.51,5.73,5.48,5.52
ATCX,2022-12-06,5.56,5.72,5.32,5.69
ATCX,2022-12-07,5.68,5.72,5.43,5.56
ATCX,2022-12-08,5.62,5.74,5.32,5.43
ATCX,2022-12-09,5.46,5.48,5.03,5.12
ATCX,2022-12-12,5.1,5.14,4.91,5.11
ATCX,2022-12-13,5.16,5.49,5.03,5.4
ATCX,2022-12-14,5.44,5.56,5.29,5.44
ATCX,2022-12-15,5.31,5.43,5.07,5.12
ATCX,2022-12-16,5.04,5.34,4.88,5.25
ATCX,2022-12-19,5.18,5.2,4.87,5.1
ATCX,2022-12-20,5.08,5.48,5.0,5.23
ATCX,2022-12-21,5.2,5.56,5.12,5.52
ATCX,2022-12-22,5.39,5.39,4.95,5.15
ATCX,2022-12-23,5.15,5.22,4.98,5.11
ATCX,2022-12-27,5.11,5.56,5.0,5.51
ATCX,2022-12-28,5.45,5.57,5.05,5.11
ATCX,2022-12-29,5.14,5.29,5.11,5.18
ATCX,2022-12-30,5.16,5.42,5.05,5.15
ATCX,2023-01-03,5.18,5.47,5.12,5.34
ATCX,2023-01-04,5.44,5.77,5.32,5.65
ATCX,2023-01-05,5.55,5.64,5.37,5.53
ATCX,2023-01-06,5.54,5.9,5.54,5.8
ATCX,2023-01-09,5.86,6.06,5.74,5.79
ATCX,2023-01-10,5.9,6.03,5.7,5.97
ATCX,2023-01-11,6.05,6.17,5.96,6.01
ATCX,2023-01-12,5.98,6.25,5.55,6.16
ATCX,2023-01-13,6.18,6.48,6.14,6.42
ATCX,2023-01-17,6.43,6.6,6.16,6.31
ATCX,2023-01-18,6.34,6.34,5.85,5.98
ATCX,2023-01-19,5.99,5.99,5.68,5.74
ATCX,2023-01-20,5.82,5.82,5.13,5.22
ATCX,2023-01-23,5.18,5.49,5.09,5.34
ATCX,2023-01-24,5.3,5.57,5.22,5.47
ATCX,2023-01-25,5.42,5.42,5.04,5.25
ATCX,2023-01-26,5.3,5.57,5.2,5.52
ATCX,2023-01-27,5.49,5.89,5.49,5.62
ATCX,2023-01-30,5.57,5.74,5.29,5.47
ATCX,2023-01-31,12.0,12.15,12.0,12.13
ATCX,2023-02-01,12.1,12.13,12.06,12.06
ATCX,2023-02-02,12.07,12.16,12.07,12.15
ATCX,2023-02-03,12.11,12.18,12.1,12.18
ATCX,2023-02-06,12.15,12.23,12.11,12.18
ATCX,2023-02-07,12.2,12.25,12.18,12.2
ATCX,2023-02-08,12.2,12.26,12.2,12.24
ATCX,2023-02-09,12.24,12.26,12.19,12.21
ATCX,2023-02-10,12.21,12.26,12.21,12.21
ATCX,2023-02-13,12.21,12.24,12.16,12.2
ATCX,2023-02-14,12.2,12.23,12.07,12.1
ATCX,2023-02-15,12.13,12.2,12.11,12.2
ATCX,2023-02-16,12.2,12.23,12.16,12.21
ATCX,2023-02-17,12.22,12.23,12.19,12.21
ATCX,2023-02-21,12.25,12.34,12.21,12.23
ATCX,2023-02-22,12.24,12.26,12.22,12.22
ATCX,2023-02-23,12.24,12.26,12.23,12.24
ATCX,2023-02-24,12.25,12.26,12.22,12.24
ATCX,2023-02-27,12.24,12.25,12.2,12.24
ATCX,2023-02-28,12.24,12.24,12.22,12.23
ATCX,2023-03-01,12.22,12.24,12.22,12.22
ATCX,2023-03-02,12.22,12.24,12.2,12.21
ATCX,2023-03-03,12.22,12.23,12.2,12.23
ATCX,2023-03-06,12.21,12.22,12.19,12.2
ATCX,2023-03-07,12.2,12.22,12.19,12.21
ATCX,2023-03-08,12.21,12.21,12.18,12.21
ATCX,2023-03-09,12.19,12.2,12.13,12.16
ATCX,2023-03-10,12.15,12.16,12.11,12.15
ATCX,2023-03-13,12.13,12.14,12.07,12.12
ATCX,2023-03-14,12.16,12.19,12.13,12.15
ATCX,2023-03-15,12.11,12.15,12.07,12.13
ATCX,2023-03-16,12.1,12.16,12.1,12.14
ATCX,2023-03-17,12.13,12.15,12.13,12.14
ATCX,2023-03-20,12.14,12.16,12.13,12.13
ATCX,2023-03-21,12.15,12.22,12.14,12.15
ATCX,2023-03-22,12.16,12.17,12.11,12.16
ATCX,2023-03-23,12.17,12.19,12.15,12.18
ATCX,2023-03-24,12.17,12.2,12.16,12.19
ATCX,2023-03-27,12.19,12.19,12.16,12.18
ATCX,2023-03-28,12.19,12.2,12.18,12.18
ATCX,2023-03-29,12.18,12.21,12.18,12.19
ATCX,2023-03-30,12.2,12.2,12.18,12.18
ATCX,2023-03-31,12.2,12.21,12.18,12.19
ATCX,2023-04-03,12.19,12.2,12.18,12.19
ATCX,2023-04-04,12.2,12.2,12.18,12.19
ATCX,2023-04-05,12.19,12.19,12.18,12.19
ATCX,2023-04-06,12.18,12.19,12.16,12.17
ATCX,2023-04-10,12.2,12.2,12.17,12.2
ATCX,2023-04-11,12.19,12.2,12.19,12.2
ATCX,2023-04-12,12.2,12.2,12.16,12.18
ATCX,2023-04-13,12.17,12.19,12.16,12.16
ATCX,2023-04-14,12.16,12.175,12.16,12.16
ATCX,2023-04-17,12.16,12.18,12.16,12.17
ATCX,2023-04-18,12.24,12.25,12.24,12.25
